[
  {
    "file": "VisionIAS Daily Current Affairs 02 July 2024.pdf",
    "status": "success",
    "chunks": 9,
    "text_length": 16455
  },
  {
    "file": "VisionIAS Daily Current Affairs 16 & 17 June 2024.pdf",
    "status": "success",
    "chunks": 9,
    "text_length": 16581
  },
  {
    "file": "VisionIAS Daily Current Affairs 08 & 09 September 2024.pdf",
    "status": "success",
    "chunks": 10,
    "text_length": 17662
  },
  {
    "file": "VisionIAS Daily Current Affairs 17 January 2025.pdf",
    "status": "success",
    "chunks": 10,
    "text_length": 19788
  },
  {
    "file": "VisionIAS Daily Current Affairs 08 March 2024.pdf",
    "status": "success",
    "chunks": 8,
    "text_length": 15968
  },
  {
    "file": "VisionIAS Daily Current Affairs 25 October 2024.pdf",
    "status": "success",
    "chunks": 10,
    "text_length": 18002
  },
  {
    "file": "VisionIAS Daily Current Affairs 27 July 2024.pdf",
    "status": "success",
    "chunks": 9,
    "text_length": 16358
  },
  {
    "file": "VisionIAS Daily Current Affairs 13 July 2024.pdf",
    "status": "success",
    "chunks": 8,
    "text_length": 16002
  },
  {
    "file": "VisionIAS Daily Current Affairs 22 March 2024.pdf",
    "status": "success",
    "chunks": 8,
    "text_length": 14281
  },
  {
    "file": "VisionIAS Daily Current Affairs 15 January 2025.pdf",
    "status": "success",
    "chunks": 10,
    "text_length": 18442
  },
  {
    "file": "VisionIAS Daily Current Affairs 09 October 2024.pdf",
    "status": "success",
    "chunks": 10,
    "text_length": 18106
  },
  {
    "file": "VisionIAS Daily Current Affairs 20 April 2024.pdf",
    "status": "success",
    "chunks": 9,
    "text_length": 15905
  },
  {
    "file": "VisionIAS Daily Current Affairs 25 & 26 December 2024.pdf",
    "status": "success",
    "chunks": 10,
    "text_length": 18762
  },
  {
    "file": "VisionIAS Daily Current Affairs 16 January 2025.pdf",
    "status": "success",
    "chunks": 9,
    "text_length": 17396
  },
  {
    "file": "VisionIAS Daily Current Affairs 29 August 2024.pdf",
    "status": "success",
    "chunks": 8,
    "text_length": 15586
  },
  {
    "file": "VisionIAS Daily Current Affairs 14 February 2024.pdf",
    "status": "success",
    "chunks": 8,
    "text_length": 14786
  },
  {
    "file": "VisionIAS Daily Current Affairs 15 October 2024.pdf",
    "status": "success",
    "chunks": 10,
    "text_length": 18277
  },
  {
    "file": "VisionIAS Daily Current Affairs 11 September 2024.pdf",
    "status": "success",
    "chunks": 10,
    "text_length": 17943
  },
  {
    "file": "VisionIAS Daily Current Affairs 05 March 2024.pdf",
    "status": "success",
    "chunks": 9,
    "text_length": 16316
  },
  {
    "file": "VisionIAS Daily Current Affairs 10 & 11 March 2024.pdf",
    "status": "success",
    "chunks": 9,
    "text_length": 16315
  },
  {
    "file": "VisionIAS Daily Current Affairs 21 January 2025 .pdf",
    "status": "success",
    "chunks": 10,
    "text_length": 19181
  },
  {
    "file": "VisionIAS Daily Current Affairs 08 October 2024.pdf",
    "status": "success",
    "chunks": 10,
    "text_length": 18112
  },
  {
    "file": "VisionIAS Daily Current Affairs 14 September 2024.pdf",
    "status": "success",
    "chunks": 9,
    "text_length": 17147
  },
  {
    "file": "VisionIAS Daily Current Affairs 07 May 2024.pdf",
    "status": "success",
    "chunks": 9,
    "text_length": 17799
  },
  {
    "file": "VisionIAS Daily Current Affairs 01 & 02 September 2024.pdf",
    "status": "success",
    "chunks": 7,
    "text_length": 14166
  },
  {
    "file": "VisionIAS Daily Current Affairs 05 September 2024.pdf",
    "status": "success",
    "chunks": 9,
    "text_length": 16864
  },
  {
    "file": "VisionIAS Daily Current Affairs 19 June 2024.pdf",
    "status": "success",
    "chunks": 8,
    "text_length": 16371
  },
  {
    "file": "VisionIAS Daily Current Affairs 31 May 2024.pdf",
    "status": "success",
    "chunks": 9,
    "text_length": 17688
  },
  {
    "file": "VisionIAS Daily Current Affairs 19 November 2024.pdf",
    "status": "success",
    "chunks": 10,
    "text_length": 18946
  },
  {
    "file": "VisionIAS Daily Current Affairs 20 June 2024.pdf",
    "status": "success",
    "chunks": 10,
    "text_length": 17499
  },
  {
    "file": "VisionIAS Daily Current Affairs 26 September 2024.pdf",
    "status": "success",
    "chunks": 9,
    "text_length": 17581
  },
  {
    "file": "VisionIAS Daily Current Affairs 10 & 11 November 2024.pdf",
    "status": "success",
    "chunks": 10,
    "text_length": 19136
  },
  {
    "file": "VisionIAS Daily Current Affairs 04 May 2024.pdf",
    "status": "success",
    "chunks": 9,
    "text_length": 16872
  },
  {
    "file": "VisionIAS Daily Current Affairs 24 October 2024.pdf",
    "status": "success",
    "chunks": 9,
    "text_length": 16831
  },
  {
    "file": "VisionIAS Daily Current Affairs 06 June 2024.pdf",
    "status": "success",
    "chunks": 9,
    "text_length": 17666
  },
  {
    "file": "VisionIAS Daily Current Affairs 23 July 2024.pdf",
    "status": "success",
    "chunks": 10,
    "text_length": 18526
  },
  {
    "file": "VisionIAS Daily Current Affairs 31 December 2024.pdf",
    "status": "success",
    "chunks": 9,
    "text_length": 15968
  },
  {
    "file": "VisionIAS Daily Current Affairs 14 June 2024.pdf",
    "status": "success",
    "chunks": 10,
    "text_length": 17903
  },
  {
    "file": "VisionIAS Daily Current Affairs 15 February 2024.pdf",
    "status": "success",
    "chunks": 9,
    "text_length": 15226
  },
  {
    "file": "VisionIAS Daily Current Affairs 06 February 2024.pdf",
    "status": "success",
    "chunks": 8,
    "text_length": 15575
  },
  {
    "file": "VisionIAS Daily Current Affairs 01 October 2024.pdf",
    "status": "success",
    "chunks": 9,
    "text_length": 16964
  },
  {
    "file": "VisionIAS Daily Current Affairs 01 February 2024.pdf",
    "status": "success",
    "chunks": 7,
    "text_length": 14329
  },
  {
    "file": "VisionIAS Daily Current Affairs 18 October 2024.pdf",
    "status": "success",
    "chunks": 9,
    "text_length": 17261
  },
  {
    "file": "VisionIAS Daily Current Affairs 05 July 2024.pdf",
    "status": "success",
    "chunks": 9,
    "text_length": 18045
  },
  {
    "file": "VisionIAS Daily Current Affairs 02 May 2024.pdf",
    "status": "success",
    "chunks": 8,
    "text_length": 15340
  },
  {
    "file": "VisionIAS Daily Current Affairs 9 & 10 February 2025.pdf",
    "status": "success",
    "chunks": 11,
    "text_length": 18052
  },
  {
    "file": "VisionIAS Daily Current Affairs 09 November 2024.pdf",
    "status": "success",
    "chunks": 9,
    "text_length": 16711
  },
  {
    "file": "VisionIAS Daily Current Affairs 1 February 2025.pdf",
    "status": "success",
    "chunks": 9,
    "text_length": 16793
  },
  {
    "file": "VisionIAS Daily Current Affairs 20 November 2024.pdf",
    "status": "success",
    "chunks": 9,
    "text_length": 17409
  },
  {
    "file": "VisionIAS Daily Current Affairs 14 & 15 April 2024.pdf",
    "status": "success",
    "chunks": 8,
    "text_length": 15727
  },
  {
    "file": "VisionIAS Daily Current Affairs 29 June 2024.pdf",
    "status": "success",
    "chunks": 8,
    "text_length": 15426
  },
  {
    "file": "VisionIAS Daily Current Affairs 12 December 2024.pdf",
    "status": "success",
    "chunks": 9,
    "text_length": 16483
  },
  {
    "file": "VisionIAS Daily Current Affairs 28 & 29 April 2024.pdf",
    "status": "success",
    "chunks": 9,
    "text_length": 17947
  },
  {
    "file": "VisionIAS Daily Current Affairs 29 October 2024.pdf",
    "status": "success",
    "chunks": 9,
    "text_length": 16993
  },
  {
    "file": "VisionIAS Daily Current Affairs 18 September 2024.pdf",
    "status": "success",
    "chunks": 10,
    "text_length": 18210
  },
  {
    "file": "VisionIAS Daily Current Affairs 02 February 2024.pdf",
    "status": "success",
    "chunks": 9,
    "text_length": 15081
  },
  {
    "file": "VisionIAS Daily Current Affairs 18 December 2024.pdf",
    "status": "success",
    "chunks": 11,
    "text_length": 15849
  },
  {
    "file": "VisionIAS Daily Current Affairs 04 December 2024.pdf",
    "status": "success",
    "chunks": 10,
    "text_length": 18414
  },
  {
    "file": "VisionIAS Daily Current Affairs 13 February 2025.pdf",
    "status": "success",
    "chunks": 9,
    "text_length": 16432
  },
  {
    "file": "VisionIAS Daily Current Affairs 1 & 2 December 2024.pdf",
    "status": "success",
    "chunks": 10,
    "text_length": 18332
  },
  {
    "file": "VisionIAS Daily Current Affairs 19 & 20 January 2025.pdf",
    "status": "success",
    "chunks": 9,
    "text_length": 16590
  },
  {
    "file": "VisionIAS Daily Current Affairs 28 May 2024.pdf",
    "status": "success",
    "chunks": 9,
    "text_length": 17054
  },
  {
    "file": "VisionIAS Daily Current Affairs 22 May 2024.pdf",
    "status": "success",
    "chunks": 9,
    "text_length": 17799
  },
  {
    "file": "VisionIAS Daily Current Affairs 27 August 2024.pdf",
    "status": "success",
    "chunks": 9,
    "text_length": 16216
  },
  {
    "file": "VisionIAS Daily Current Affairs 05 December 2024.pdf",
    "status": "success",
    "chunks": 9,
    "text_length": 16584
  },
  {
    "file": "VisionIAS Daily Current Affairs 13 March 2024.pdf",
    "status": "success",
    "chunks": 8,
    "text_length": 15702
  },
  {
    "file": "VisionIAS Daily Current Affairs 09 & 10 June 2024.pdf",
    "status": "success",
    "chunks": 8,
    "text_length": 16649
  },
  {
    "file": "VisionIAS Daily Current Affairs 15 May 2024.pdf",
    "status": "success",
    "chunks": 8,
    "text_length": 15907
  },
  {
    "file": "VisionIAS Daily Current Affairs 17 September 2024.pdf",
    "status": "success",
    "chunks": 10,
    "text_length": 19179
  },
  {
    "file": "VisionIAS Daily Current Affairs 17 May 2024.pdf",
    "status": "success",
    "chunks": 8,
    "text_length": 15719
  },
  {
    "file": "VisionIAS Daily Current Affairs 06 November 2024.pdf",
    "status": "success",
    "chunks": 9,
    "text_length": 17912
  },
  {
    "file": "VisionIAS Daily Current Affairs 06 April 2024.pdf",
    "status": "success",
    "chunks": 8,
    "text_length": 15957
  },
  {
    "file": "VisionIAS Daily Current Affairs 31 October, 1, 2, 3, 4 November 2024.pdf",
    "status": "success",
    "chunks": 9,
    "text_length": 16824
  },
  {
    "file": "VisionIAS Daily Current Affairs 20 March 2024.pdf",
    "status": "success",
    "chunks": 8,
    "text_length": 15471
  },
  {
    "file": "VisionIAS Daily Current Affairs 24 August 2024.pdf",
    "status": "success",
    "chunks": 8,
    "text_length": 16226
  },
  {
    "file": "VisionIAS Daily Current Affairs 30 July 2024.pdf",
    "status": "success",
    "chunks": 10,
    "text_length": 18130
  },
  {
    "file": "VisionIAS Daily Current Affairs 09 April 2024.pdf",
    "status": "success",
    "chunks": 8,
    "text_length": 15262
  },
  {
    "file": "VisionIAS Daily Current Affairs 07 & 08 July 2024.pdf",
    "status": "success",
    "chunks": 9,
    "text_length": 17755
  },
  {
    "file": "VisionIAS Daily Current Affairs 23 March 2024.pdf",
    "status": "success",
    "chunks": 9,
    "text_length": 16556
  },
  {
    "file": "VisionIAS Daily Current Affairs 23 August 2024.pdf",
    "status": "success",
    "chunks": 9,
    "text_length": 16083
  },
  {
    "file": "VisionIAS Daily Current Affairs 13 September 2024.pdf",
    "status": "success",
    "chunks": 9,
    "text_length": 18304
  },
  {
    "file": "VisionIAS Daily Current Affairs 08 August 2024.pdf",
    "status": "success",
    "chunks": 9,
    "text_length": 16166
  },
  {
    "file": "VisionIAS Daily Current Affairs 30 November 2024.pdf",
    "status": "success",
    "chunks": 9,
    "text_length": 17977
  },
  {
    "file": "VisionIAS Daily Current Affairs 29 November 2024.pdf",
    "status": "success",
    "chunks": 9,
    "text_length": 18379
  },
  {
    "file": "VisionIAS Daily Current Affairs 18, 19 & 20 August 2024.pdf",
    "status": "success",
    "chunks": 9,
    "text_length": 16809
  },
  {
    "file": "VisionIAS Daily Current Affairs 06 & 07 October 2024.pdf",
    "status": "success",
    "chunks": 9,
    "text_length": 17663
  },
  {
    "file": "VisionIAS Daily Current Affairs 02 August 2024.pdf",
    "status": "success",
    "chunks": 8,
    "text_length": 16296
  },
  {
    "file": "VisionIAS Daily Current Affairs 28 March 2024.pdf",
    "status": "success",
    "chunks": 8,
    "text_length": 15141
  },
  {
    "file": "VisionIAS Daily Current Affairs 10 December 2024.pdf",
    "status": "success",
    "chunks": 10,
    "text_length": 18681
  },
  {
    "file": "VisionIAS Daily Current Affairs 28 August 2024.pdf",
    "status": "success",
    "chunks": 7,
    "text_length": 14537
  },
  {
    "file": "VisionIAS Daily Current Affairs 16 May 2024.pdf",
    "status": "success",
    "chunks": 10,
    "text_length": 18215
  },
  {
    "file": "VisionIAS Daily Current Affairs 18 June 2024.pdf",
    "status": "success",
    "chunks": 10,
    "text_length": 18605
  },
  {
    "file": "VisionIAS Daily Current Affairs 15 June 2024.pdf",
    "status": "success",
    "chunks": 9,
    "text_length": 16840
  },
  {
    "file": "VisionIAS Daily Current Affairs 05 & 06 May 2024.pdf",
    "status": "success",
    "chunks": 9,
    "text_length": 16779
  },
  {
    "file": "VisionIAS Daily Current Affairs 07 December 2024.pdf",
    "status": "success",
    "chunks": 10,
    "text_length": 18395
  },
  {
    "file": "VisionIAS Daily Current Affairs 16 February 2024.pdf",
    "status": "success",
    "chunks": 8,
    "text_length": 14969
  },
  {
    "file": "VisionIAS Daily Current Affairs 20 July 2024.pdf",
    "status": "success",
    "chunks": 9,
    "text_length": 17789
  },
  {
    "file": "VisionIAS Daily Current Affairs 26 November 2024.pdf",
    "status": "success",
    "chunks": 10,
    "text_length": 18084
  },
  {
    "file": "VisionIAS Daily Current Affairs 22 & 23 September 2024.pdf",
    "status": "success",
    "chunks": 10,
    "text_length": 18947
  },
  {
    "file": "VisionIAS Daily Current Affairs 10 October 2024.pdf",
    "status": "success",
    "chunks": 12,
    "text_length": 17598
  },
  {
    "file": "VisionIAS Daily Current Affairs 15 March 2024.pdf",
    "status": "success",
    "chunks": 8,
    "text_length": 16113
  },
  {
    "file": "VisionIAS Daily Current Affairs 26 July 2024.pdf",
    "status": "success",
    "chunks": 8,
    "text_length": 16119
  },
  {
    "file": "VisionIAS Daily Current Affairs 13 February 2024.pdf",
    "status": "success",
    "chunks": 9,
    "text_length": 16598
  },
  {
    "file": "VisionIAS Daily Current Affairs 24 January 2025.pdf",
    "status": "success",
    "chunks": 10,
    "text_length": 18488
  },
  {
    "file": "VisionIAS Daily Current Affairs 17 October 2024.pdf",
    "status": "success",
    "chunks": 9,
    "text_length": 17240
  },
  {
    "file": "VisionIAS Daily Current Affairs 04 October 2024.pdf",
    "status": "success",
    "chunks": 9,
    "text_length": 17144
  },
  {
    "file": "VisionIAS Daily Current Affairs 11 & 12 August 2024.pdf",
    "status": "success",
    "chunks": 8,
    "text_length": 15181
  },
  {
    "file": "VisionIAS Daily Current Affairs 11 & 12 February 2024.pdf",
    "status": "success",
    "chunks": 9,
    "text_length": 15870
  },
  {
    "file": "VisionIAS Daily Current Affairs 01 June 2024.pdf",
    "status": "success",
    "chunks": 9,
    "text_length": 17462
  },
  {
    "file": "VisionIAS Daily Current Affairs 09 February 2024.pdf",
    "status": "success",
    "chunks": 8,
    "text_length": 15140
  },
  {
    "file": "VisionIAS Daily Current Affairs 24 April 2024.pdf",
    "status": "success",
    "chunks": 8,
    "text_length": 15435
  },
  {
    "file": "VisionIAS Daily Current Affairs 09 July 2024.pdf",
    "status": "success",
    "chunks": 8,
    "text_length": 16090
  },
  {
    "file": "VisionIAS Daily Current Affairs 15 & 16 August 2024.pdf",
    "status": "success",
    "chunks": 10,
    "text_length": 17404
  },
  {
    "file": "VisionIAS Daily Current Affairs 18 April 2024.pdf",
    "status": "success",
    "chunks": 9,
    "text_length": 16422
  },
  {
    "file": "VisionIAS Daily Current Affairs 01 May 2024.pdf",
    "status": "success",
    "chunks": 8,
    "text_length": 16314
  },
  {
    "file": "VisionIAS Daily Current Affairs 08 & 09 December 2024.pdf",
    "status": "success",
    "chunks": 9,
    "text_length": 17913
  },
  {
    "file": "VisionIAS Daily Current Affairs 19 July 2024.pdf",
    "status": "success",
    "chunks": 9,
    "text_length": 17329
  },
  {
    "file": "VisionIAS Daily Current Affairs 2 & 3 February 2025.pdf",
    "status": "success",
    "chunks": 9,
    "text_length": 17701
  },
  {
    "file": "VisionIAS Daily Current Affairs 05 November 2024.pdf",
    "status": "success",
    "chunks": 9,
    "text_length": 17985
  },
  {
    "file": "VisionIAS Daily Current Affairs 03 August 2024.pdf",
    "status": "success",
    "chunks": 9,
    "text_length": 16147
  },
  {
    "file": "VisionIAS Daily Current Affairs 1 & 2 January 2025.pdf",
    "status": "success",
    "chunks": 10,
    "text_length": 17193
  },
  {
    "file": "VisionIAS Daily Current Affairs 31 January 2025.pdf",
    "status": "success",
    "chunks": 8,
    "text_length": 15845
  },
  {
    "file": "VisionIAS Daily Current Affairs 19 December 2024.pdf",
    "status": "success",
    "chunks": 10,
    "text_length": 18638
  },
  {
    "file": "VisionIAS Daily Current Affairs 18 May 2024.pdf",
    "status": "success",
    "chunks": 8,
    "text_length": 16064
  },
  {
    "file": "VisionIAS Daily Current Affairs 06 March 2024.pdf",
    "status": "success",
    "chunks": 8,
    "text_length": 15255
  },
  {
    "file": "VisionIAS Daily Current Affairs 25 January 2025.pdf",
    "status": "success",
    "chunks": 9,
    "text_length": 15012
  },
  {
    "file": "VisionIAS Daily Current Affairs 23 November 2024.pdf",
    "status": "success",
    "chunks": 9,
    "text_length": 18213
  },
  {
    "file": "VisionIAS Daily Current Affairs 18 & 19 February 2024.pdf",
    "status": "success",
    "chunks": 8,
    "text_length": 15684
  },
  {
    "file": "VisionIAS Daily Current Affairs 17 April 2024.pdf",
    "status": "success",
    "chunks": 8,
    "text_length": 16252
  },
  {
    "file": "VisionIAS Daily Current Affairs 12 February 2025.pdf",
    "status": "success",
    "chunks": 10,
    "text_length": 17983
  },
  {
    "file": "VisionIAS Daily Current Affairs 01 August 2024.pdf",
    "status": "success",
    "chunks": 8,
    "text_length": 16397
  },
  {
    "file": "VisionIAS Daily Current Affairs 12 November 2024.pdf",
    "status": "success",
    "chunks": 9,
    "text_length": 17583
  },
  {
    "file": "VisionIAS Daily Current Affairs 16 November 2024.pdf",
    "status": "success",
    "chunks": 9,
    "text_length": 17236
  },
  {
    "file": "VisionIAS Daily Current Affairs 27 February 2024.pdf",
    "status": "success",
    "chunks": 9,
    "text_length": 16682
  },
  {
    "file": "VisionIAS Daily Current Affairs 04 & 05 August 2024.pdf",
    "status": "success",
    "chunks": 9,
    "text_length": 17017
  },
  {
    "file": "VisionIAS Daily Current Affairs 11 January 2025.pdf",
    "status": "success",
    "chunks": 8,
    "text_length": 15242
  },
  {
    "file": "VisionIAS Daily Current Affairs 24 February 2024.pdf",
    "status": "success",
    "chunks": 7,
    "text_length": 14769
  },
  {
    "file": "VisionIAS Daily Current Affairs 12 & 13 May 2024.pdf",
    "status": "success",
    "chunks": 9,
    "text_length": 15703
  },
  {
    "file": "VisionIAS Daily Current Affairs 14 May 2024.pdf",
    "status": "success",
    "chunks": 9,
    "text_length": 16947
  },
  {
    "file": "VisionIAS Daily Current Affairs 03 April 2024.pdf",
    "status": "success",
    "chunks": 9,
    "text_length": 14136
  },
  {
    "file": "VisionIAS Daily Current Affairs 08 November 2024.pdf",
    "status": "success",
    "chunks": 9,
    "text_length": 17269
  },
  {
    "file": "VisionIAS Daily Current Affairs 12 September 2024.pdf",
    "status": "success",
    "chunks": 9,
    "text_length": 18219
  },
  {
    "file": "VisionIAS Daily Current Affairs 27 December 2024.pdf",
    "status": "success",
    "chunks": 9,
    "text_length": 16488
  },
  {
    "file": "VisionIAS Daily Current Affairs 02 & 03 June 2024.pdf",
    "status": "success",
    "chunks": 10,
    "text_length": 18851
  },
  {
    "file": "VisionIAS Daily Current Affairs 22 January 2025.pdf",
    "status": "success",
    "chunks": 9,
    "text_length": 16324
  },
  {
    "file": "VisionIAS Daily Current Affairs 09 March 2024.pdf",
    "status": "success",
    "chunks": 8,
    "text_length": 15385
  },
  {
    "file": "VisionIAS Daily Current Affairs 02 March 2024.pdf",
    "status": "success",
    "chunks": 8,
    "text_length": 15892
  },
  {
    "file": "VisionIAS Daily Current Affairs 11 February 2025.pdf",
    "status": "success",
    "chunks": 10,
    "text_length": 17935
  },
  {
    "file": "VisionIAS Daily Current Affairs 04 & 05 February 2024.pdf",
    "status": "success",
    "chunks": 8,
    "text_length": 15981
  },
  {
    "file": "VisionIAS Daily Current Affairs 11 June 2024.pdf",
    "status": "success",
    "chunks": 9,
    "text_length": 16075
  },
  {
    "file": "VisionIAS Daily Current Affairs 19 September 2024.pdf",
    "status": "success",
    "chunks": 9,
    "text_length": 17931
  },
  {
    "file": "VisionIAS Daily Current Affairs 8 January 2025.pdf",
    "status": "success",
    "chunks": 9,
    "text_length": 17154
  },
  {
    "file": "VisionIAS Daily Current Affairs 23 & 24 June 2024.pdf",
    "status": "success",
    "chunks": 10,
    "text_length": 17631
  },
  {
    "file": "VisionIAS Daily Current Affairs 11 July 2024.pdf",
    "status": "success",
    "chunks": 11,
    "text_length": 15066
  },
  {
    "file": "VisionIAS Daily Current Affairs 21 June 2024.pdf",
    "status": "success",
    "chunks": 10,
    "text_length": 17863
  },
  {
    "file": "VisionIAS Daily Current Affairs 10 April 2024.pdf",
    "status": "success",
    "chunks": 9,
    "text_length": 16245
  },
  {
    "file": "VisionIAS Daily Current Affairs 13 November 2024.pdf",
    "status": "success",
    "chunks": 9,
    "text_length": 17405
  },
  {
    "file": "VisionIAS Daily Current Affairs 12 April 2024.pdf",
    "status": "success",
    "chunks": 8,
    "text_length": 15783
  },
  {
    "file": "VisionIAS Daily Current Affairs 03 February 2024.pdf",
    "status": "success",
    "chunks": 10,
    "text_length": 15302
  },
  {
    "file": "VisionIAS Daily Current Affairs 10 July 2024.pdf",
    "status": "success",
    "chunks": 10,
    "text_length": 18386
  },
  {
    "file": "VisionIAS Daily Current Affairs 27 November 2024.pdf",
    "status": "success",
    "chunks": 10,
    "text_length": 19184
  },
  {
    "file": "VisionIAS Daily Current Affairs 15 & 16 September 2024.pdf",
    "status": "success",
    "chunks": 9,
    "text_length": 18585
  },
  {
    "file": "VisionIAS Daily Current Affairs 26 June 2024.pdf",
    "status": "success",
    "chunks": 9,
    "text_length": 17302
  },
  {
    "file": "VisionIAS Daily Current Affairs 29 March 2024.pdf",
    "status": "success",
    "chunks": 9,
    "text_length": 15828
  },
  {
    "file": "VisionIAS Daily Current Affairs 14 January 2025.pdf",
    "status": "success",
    "chunks": 9,
    "text_length": 16103
  },
  {
    "file": "VisionIAS Daily Current Affairs 28 February 2024.pdf",
    "status": "success",
    "chunks": 8,
    "text_length": 15995
  },
  {
    "file": "VisionIAS Daily Current Affairs 10 May 2024.pdf",
    "status": "success",
    "chunks": 9,
    "text_length": 16656
  },
  {
    "file": "VisionIAS Daily Current Affairs 21 & 22 April 2024.pdf",
    "status": "success",
    "chunks": 8,
    "text_length": 15450
  },
  {
    "file": "VisionIAS Daily Current Affairs 22 & 23 December 2024.pdf",
    "status": "success",
    "chunks": 11,
    "text_length": 17875
  },
  {
    "file": "VisionIAS Daily Current Affairs 25 & 26 August 2024.pdf",
    "status": "success",
    "chunks": 8,
    "text_length": 15448
  },
  {
    "file": "VisionIAS Daily Current Affairs 17 July 2024.pdf",
    "status": "success",
    "chunks": 9,
    "text_length": 16634
  },
  {
    "file": "VisionIAS Daily Current Affairs 16 October 2024.pdf",
    "status": "success",
    "chunks": 9,
    "text_length": 17416
  },
  {
    "file": "VisionIAS Daily Current Affairs 23 October 2024.pdf",
    "status": "success",
    "chunks": 9,
    "text_length": 17641
  },
  {
    "file": "VisionIAS Daily Current Affairs 24 July 2024.pdf",
    "status": "success",
    "chunks": 8,
    "text_length": 14951
  },
  {
    "file": "VisionIAS Daily Current Affairs 15 November 2024.pdf",
    "status": "success",
    "chunks": 9,
    "text_length": 18104
  },
  {
    "file": "VisionIAS Daily Current Affairs 22 November 2024.pdf",
    "status": "success",
    "chunks": 10,
    "text_length": 18686
  },
  {
    "file": "VisionIAS Daily Current Affairs 30 January 2025.pdf",
    "status": "success",
    "chunks": 10,
    "text_length": 18967
  },
  {
    "file": "VisionIAS Daily Current Affairs 23 January 2025.pdf",
    "status": "success",
    "chunks": 9,
    "text_length": 17376
  },
  {
    "file": "VisionIAS Daily Current Affairs 03 September 2024.pdf",
    "status": "success",
    "chunks": 8,
    "text_length": 15636
  },
  {
    "file": "VisionIAS Daily Current Affairs 29 May 2024.pdf",
    "status": "success",
    "chunks": 8,
    "text_length": 14711
  },
  {
    "file": "VisionIAS Daily Current Affairs 12 March 2024.pdf",
    "status": "success",
    "chunks": 8,
    "text_length": 15905
  },
  {
    "file": "VisionIAS Daily Current Affairs 7 January 2025.pdf",
    "status": "success",
    "chunks": 9,
    "text_length": 16663
  },
  {
    "file": "VisionIAS Daily Current Affairs 12 July 2024.pdf",
    "status": "success",
    "chunks": 9,
    "text_length": 16887
  },
  {
    "file": "VisionIAS Daily Current Affairs 11 October 2024.pdf",
    "status": "success",
    "chunks": 11,
    "text_length": 17111
  },
  {
    "file": "VisionIAS Daily Current Affairs 4 January 2025.pdf",
    "status": "success",
    "chunks": 8,
    "text_length": 15627
  },
  {
    "file": "VisionIAS Daily Current Affairs 16 July 2024 (1).pdf",
    "status": "success",
    "chunks": 8,
    "text_length": 15425
  },
  {
    "file": "VisionIAS Daily Current Affairs 16 April 2024.pdf",
    "status": "success",
    "chunks": 8,
    "text_length": 14725
  },
  {
    "file": "VisionIAS Daily Current Affairs 04 June 2024.pdf",
    "status": "success",
    "chunks": 9,
    "text_length": 17755
  },
  {
    "file": "VisionIAS Daily Current Affairs 13 December 2024.pdf",
    "status": "success",
    "chunks": 9,
    "text_length": 17920
  },
  {
    "file": "VisionIAS Daily Current Affairs 17 & 18 March 2024.pdf",
    "status": "success",
    "chunks": 9,
    "text_length": 16142
  },
  {
    "file": "VisionIAS Daily Current Affairs 28 November 2024.pdf",
    "status": "success",
    "chunks": 9,
    "text_length": 16635
  },
  {
    "file": "VisionIAS Daily Current Affairs 10 August 2024.pdf",
    "status": "success",
    "chunks": 7,
    "text_length": 14068
  },
  {
    "file": "VisionIAS Daily Current Affairs 20 February 2024.pdf",
    "status": "success",
    "chunks": 8,
    "text_length": 15357
  },
  {
    "file": "VisionIAS Daily Current Affairs 30 October 2024.pdf",
    "status": "success",
    "chunks": 8,
    "text_length": 16491
  },
  {
    "file": "VisionIAS Daily Current Affairs 9 January 2025.pdf",
    "status": "success",
    "chunks": 9,
    "text_length": 16717
  },
  {
    "file": "VisionIAS Daily Current Affairs 07 August 2024.pdf",
    "status": "success",
    "chunks": 9,
    "text_length": 17474
  },
  {
    "file": "VisionIAS Daily Current Affairs 27 & 28 October 2024.pdf",
    "status": "success",
    "chunks": 9,
    "text_length": 17851
  },
  {
    "file": "VisionIAS Daily Current Affairs 21 February 2024.pdf",
    "status": "success",
    "chunks": 7,
    "text_length": 14046
  },
  {
    "file": "VisionIAS Daily Current Affairs 24 December 2024.pdf",
    "status": "success",
    "chunks": 9,
    "text_length": 16623
  },
  {
    "file": "VisionIAS Daily Current Affairs 07 February 2024.pdf",
    "status": "success",
    "chunks": 8,
    "text_length": 15585
  },
  {
    "file": "VisionIAS Daily Current Affairs 17 August 2024.pdf",
    "status": "success",
    "chunks": 8,
    "text_length": 15843
  },
  {
    "file": "VisionIAS Daily Current Affairs 07 & 08 April 2024.pdf",
    "status": "success",
    "chunks": 8,
    "text_length": 14673
  },
  {
    "file": "VisionIAS Daily Current Affairs 22 February 2024.pdf",
    "status": "success",
    "chunks": 8,
    "text_length": 14120
  },
  {
    "file": "VisionIAS Daily Current Affairs 25 & 26 February 2024.pdf",
    "status": "success",
    "chunks": 8,
    "text_length": 15907
  },
  {
    "file": "VisionIAS Daily Current Affairs 19 & 20 May 2024.pdf",
    "status": "success",
    "chunks": 9,
    "text_length": 16365
  },
  {
    "file": "VisionIAS Daily Current Affairs 4 February 2025.pdf",
    "status": "success",
    "chunks": 9,
    "text_length": 15861
  },
  {
    "file": "VisionIAS Daily Current Affairs 27 April 2024.pdf",
    "status": "success",
    "chunks": 9,
    "text_length": 16872
  },
  {
    "file": "VisionIAS Daily Current Affairs 25 April 2024.pdf",
    "status": "success",
    "chunks": 8,
    "text_length": 15672
  },
  {
    "file": "VisionIAS Daily Current Affairs 07 March 2024.pdf",
    "status": "success",
    "chunks": 8,
    "text_length": 16121
  },
  {
    "file": "VisionIAS Daily Current Affairs 24 May 2024.pdf",
    "status": "success",
    "chunks": 9,
    "text_length": 16794
  },
  {
    "file": "VisionIAS Daily Current Affairs 05 October 2024.pdf",
    "status": "success",
    "chunks": 9,
    "text_length": 16932
  },
  {
    "file": "VisionIAS Daily Current Affairs 16 July 2024.pdf",
    "status": "success",
    "chunks": 8,
    "text_length": 15425
  },
  {
    "file": "VisionIAS Daily Current Affairs 14 March 2024.pdf",
    "status": "success",
    "chunks": 8,
    "text_length": 14709
  },
  {
    "file": "VisionIAS Daily Current Affairs 02 April 2024.pdf",
    "status": "success",
    "chunks": 8,
    "text_length": 15450
  },
  {
    "file": "VisionIAS Daily Current Affairs 07 November 2024.pdf",
    "status": "success",
    "chunks": 9,
    "text_length": 16715
  },
  {
    "file": "VisionIAS Daily Current Affairs 03 December 2024.pdf",
    "status": "success",
    "chunks": 9,
    "text_length": 17539
  },
  {
    "file": "VisionIAS Daily Current Affairs 03 & 04 March 2024.pdf",
    "status": "success",
    "chunks": 8,
    "text_length": 16329
  },
  {
    "file": "VisionIAS Daily Current Affairs 14 December 2024.pdf",
    "status": "success",
    "chunks": 9,
    "text_length": 17045
  },
  {
    "file": "VisionIAS Daily Current Affairs 28 December 2024.pdf",
    "status": "success",
    "chunks": 9,
    "text_length": 16295
  },
  {
    "file": "VisionIAS Daily Current Affairs 21 August 2024.pdf",
    "status": "success",
    "chunks": 9,
    "text_length": 17558
  },
  {
    "file": "VisionIAS Daily Current Affairs 06 December 2024.pdf",
    "status": "success",
    "chunks": 9,
    "text_length": 17505
  },
  {
    "file": "VisionIAS Daily Current Affairs 21 March 2024.pdf",
    "status": "success",
    "chunks": 10,
    "text_length": 15700
  },
  {
    "file": "VisionIAS Daily Current Affairs 15 & 16 December 2024.pdf",
    "status": "success",
    "chunks": 10,
    "text_length": 18198
  },
  {
    "file": "VisionIAS Daily Current Affairs 5 & 6 January 2025.pdf",
    "status": "success",
    "chunks": 9,
    "text_length": 17511
  },
  {
    "file": "VisionIAS Daily Current Affairs 05 June 2024.pdf",
    "status": "success",
    "chunks": 8,
    "text_length": 14450
  },
  {
    "file": "VisionIAS Daily Current Affairs 21 December 2024.pdf",
    "status": "success",
    "chunks": 9,
    "text_length": 16870
  },
  {
    "file": "VisionIAS Daily Current Affairs 08 June 2024.pdf",
    "status": "success",
    "chunks": 8,
    "text_length": 16290
  },
  {
    "file": "VisionIAS Daily Current Affairs 02 & 03 October 2024.pdf",
    "status": "success",
    "chunks": 9,
    "text_length": 17465
  },
  {
    "file": "VisionIAS Daily Current Affairs 11 May 2024.pdf",
    "status": "success",
    "chunks": 9,
    "text_length": 16134
  },
  {
    "file": "VisionIAS Daily Current Affairs 30 March 2024.pdf",
    "status": "success",
    "chunks": 8,
    "text_length": 15786
  },
  {
    "file": "VisionIAS Daily Current Affairs 29 & 30 September 2024.pdf",
    "status": "success",
    "chunks": 8,
    "text_length": 15627
  },
  {
    "file": "VisionIAS Daily Current Affairs 20 September 2024.pdf",
    "status": "success",
    "chunks": 9,
    "text_length": 17693
  },
  {
    "file": "VisionIAS Daily Current Affairs 30 June & 01 July 2024.pdf",
    "status": "success",
    "chunks": 9,
    "text_length": 15898
  },
  {
    "file": "VisionIAS Daily Current Affairs 27 June 2024.pdf",
    "status": "success",
    "chunks": 8,
    "text_length": 15772
  },
  {
    "file": "VisionIAS Daily Current Affairs 10 February 2024.pdf",
    "status": "success",
    "chunks": 8,
    "text_length": 14578
  },
  {
    "file": "VisionIAS Daily Current Affairs 8 February 2025.pdf",
    "status": "success",
    "chunks": 10,
    "text_length": 17651
  },
  {
    "file": "VisionIAS Daily Current Affairs 23 May 2024.pdf",
    "status": "success",
    "chunks": 9,
    "text_length": 17112
  },
  {
    "file": "VisionIAS Daily Current Affairs 26 April 2024.pdf",
    "status": "success",
    "chunks": 8,
    "text_length": 15323
  },
  {
    "file": "VisionIAS Daily Current Affairs 25, 26 & 27 May 2024.pdf",
    "status": "success",
    "chunks": 9,
    "text_length": 16985
  },
  {
    "file": "VisionIAS Daily Current Affairs 25 July 2024.pdf",
    "status": "success",
    "chunks": 8,
    "text_length": 14921
  },
  {
    "file": "VisionIAS Daily Current Affairs 20 December 2024.pdf",
    "status": "success",
    "chunks": 9,
    "text_length": 17805
  },
  {
    "file": "VisionIAS Daily Current Affairs 09 August 2024.pdf",
    "status": "success",
    "chunks": 9,
    "text_length": 17407
  },
  {
    "file": "VisionIAS Daily Current Affairs 18 July 2024.pdf",
    "status": "success",
    "chunks": 9,
    "text_length": 17213
  },
  {
    "file": "VisionIAS Daily Current Affairs 5 & 6 February 2025.pdf",
    "status": "success",
    "chunks": 10,
    "text_length": 18468
  },
  {
    "file": "VisionIAS Daily Current Affairs 17 December 2024.pdf",
    "status": "success",
    "chunks": 9,
    "text_length": 18021
  },
  {
    "file": "VisionIAS Daily Current Affairs 24 & 25 November 2024.pdf",
    "status": "success",
    "chunks": 8,
    "text_length": 16650
  },
  {
    "file": "VisionIAS Daily Current Affairs 28 January 2025.pdf",
    "status": "success",
    "chunks": 9,
    "text_length": 16921
  },
  {
    "file": "VisionIAS Daily Current Affairs 30 May 2024.pdf",
    "status": "success",
    "chunks": 9,
    "text_length": 16614
  },
  {
    "file": "VisionIAS Daily Current Affairs 23 February 2024.pdf",
    "status": "success",
    "chunks": 8,
    "text_length": 15647
  },
  {
    "file": "VisionIAS Daily Current Affairs 25 June 2024.pdf",
    "status": "success",
    "chunks": 9,
    "text_length": 16440
  },
  {
    "file": "VisionIAS Daily Current Affairs 19 October 2024.pdf",
    "status": "success",
    "chunks": 9,
    "text_length": 18275
  },
  {
    "file": "VisionIAS Daily Current Affairs 23 April 2024.pdf",
    "status": "success",
    "chunks": 8,
    "text_length": 15245
  },
  {
    "file": "VisionIAS Daily Current Affairs 21 May 2024.pdf",
    "status": "success",
    "chunks": 9,
    "text_length": 16514
  },
  {
    "file": "VisionIAS Daily Current Affairs 28 & 29 July 2024.pdf",
    "status": "success",
    "chunks": 9,
    "text_length": 17278
  },
  {
    "file": "VisionIAS Daily Current Affairs 18 January 2025.pdf",
    "status": "success",
    "chunks": 9,
    "text_length": 16005
  },
  {
    "file": "VisionIAS Daily Current Affairs 07 September 2024.pdf",
    "status": "success",
    "chunks": 10,
    "text_length": 18594
  },
  {
    "file": "VisionIAS Daily Current Affairs 17 & 18 November 2024.pdf",
    "status": "success",
    "chunks": 9,
    "text_length": 17505
  },
  {
    "file": "VisionIAS Daily Current Affairs 19 March 2024.pdf",
    "status": "success",
    "chunks": 8,
    "text_length": 15457
  },
  {
    "file": "VisionIAS Daily Current Affairs 17 February 2024.pdf",
    "status": "success",
    "chunks": 8,
    "text_length": 15175
  },
  {
    "file": "VisionIAS Daily Current Affairs 05 April 2024.pdf",
    "status": "success",
    "chunks": 8,
    "text_length": 14316
  },
  {
    "file": "VisionIAS Daily Current Affairs 06 August 2024.pdf",
    "status": "success",
    "chunks": 8,
    "text_length": 15246
  },
  {
    "file": "VisionIAS Daily Current Affairs 24 September 2024.pdf",
    "status": "success",
    "chunks": 11,
    "text_length": 18761
  },
  {
    "file": "VisionIAS Daily Current Affairs 07 June 2024.pdf",
    "status": "success",
    "chunks": 9,
    "text_length": 16932
  },
  {
    "file": "VisionIAS Daily Current Affairs 16 March 2024.pdf",
    "status": "success",
    "chunks": 9,
    "text_length": 16659
  },
  {
    "file": "VisionIAS Daily Current Affairs 01 March 2024.pdf",
    "status": "success",
    "chunks": 10,
    "text_length": 15063
  },
  {
    "file": "VisionIAS Daily Current Affairs 13 April 2024.pdf",
    "status": "success",
    "chunks": 7,
    "text_length": 14267
  },
  {
    "file": "VisionIAS Daily Current Affairs 31 August 2024.pdf",
    "status": "success",
    "chunks": 8,
    "text_length": 14304
  },
  {
    "file": "VisionIAS Daily Current Affairs 08 February 2024.pdf",
    "status": "success",
    "chunks": 8,
    "text_length": 14886
  },
  {
    "file": "VisionIAS Daily Current Affairs 14 & 15 July 2024.pdf",
    "status": "success",
    "chunks": 9,
    "text_length": 16849
  },
  {
    "file": "VisionIAS Daily Current Affairs 06 September 2024.pdf",
    "status": "success",
    "chunks": 9,
    "text_length": 16727
  },
  {
    "file": "VisionIAS Daily Current Affairs 13 August 2024.pdf",
    "status": "success",
    "chunks": 9,
    "text_length": 17374
  },
  {
    "file": "VisionIAS Daily Current Affairs 30 August 2024.pdf",
    "status": "success",
    "chunks": 7,
    "text_length": 14095
  },
  {
    "file": "VisionIAS Daily Current Affairs 03 July 2024.pdf",
    "status": "success",
    "chunks": 9,
    "text_length": 17097
  },
  {
    "file": "VisionIAS Daily Current Affairs 21 & 22 July 2024.pdf",
    "status": "success",
    "chunks": 9,
    "text_length": 16907
  },
  {
    "file": "VisionIAS Daily Current Affairs 26 October 2024.pdf",
    "status": "success",
    "chunks": 9,
    "text_length": 17502
  },
  {
    "file": "VisionIAS Daily Current Affairs 22 August 2024.pdf",
    "status": "success",
    "chunks": 9,
    "text_length": 16371
  },
  {
    "file": "VisionIAS Daily Current Affairs 29 February 2024.pdf",
    "status": "success",
    "chunks": 8,
    "text_length": 15183
  },
  {
    "file": "VisionIAS Daily Current Affairs 04 April 2024.pdf",
    "status": "success",
    "chunks": 7,
    "text_length": 14100
  },
  {
    "file": "VisionIAS Daily Current Affairs 20 & 21 October 2024.pdf",
    "status": "success",
    "chunks": 10,
    "text_length": 18023
  },
  {
    "file": "VisionIAS Daily Current Affairs 06 July 2024.pdf",
    "status": "success",
    "chunks": 9,
    "text_length": 16515
  },
  {
    "file": "VisionIAS Daily Current Affairs 12 June 2024.pdf",
    "status": "success",
    "chunks": 9,
    "text_length": 17033
  },
  {
    "file": "VisionIAS Daily Current Affairs 12, 13 & 14 October 2024.pdf",
    "status": "success",
    "chunks": 9,
    "text_length": 17119
  },
  {
    "file": "VisionIAS Daily Current Affairs 21 November 2024.pdf",
    "status": "success",
    "chunks": 8,
    "text_length": 15657
  },
  {
    "file": "VisionIAS Daily Current Affairs 26 & 27 January 2025.pdf",
    "status": "success",
    "chunks": 10,
    "text_length": 17615
  },
  {
    "file": "VisionIAS Daily Current Affairs 19 April 2024.pdf",
    "status": "success",
    "chunks": 8,
    "text_length": 16352
  },
  {
    "file": "VisionIAS Daily Current Affairs 25 September 2024.pdf",
    "status": "success",
    "chunks": 9,
    "text_length": 16651
  },
  {
    "file": "VisionIAS Daily Current Affairs 3 January 2025.pdf",
    "status": "success",
    "chunks": 8,
    "text_length": 14659
  },
  {
    "file": "VisionIAS Daily Current Affairs 21 September 2024.pdf",
    "status": "success",
    "chunks": 9,
    "text_length": 18029
  },
  {
    "file": "VisionIAS Daily Current Affairs 22 June 2024.pdf",
    "status": "success",
    "chunks": 9,
    "text_length": 16409
  },
  {
    "file": "VisionIAS Daily Current Affairs 27 September 2024.pdf",
    "status": "success",
    "chunks": 10,
    "text_length": 19079
  },
  {
    "file": "VisionIAS Daily Current Affairs 12 & 13 January 2025.pdf",
    "status": "success",
    "chunks": 10,
    "text_length": 18875
  },
  {
    "file": "VisionIAS Daily Current Affairs 14 August 2024.pdf",
    "status": "success",
    "chunks": 9,
    "text_length": 16084
  },
  {
    "file": "VisionIAS Daily Current Affairs 29 & 30 December 2024.pdf",
    "status": "success",
    "chunks": 11,
    "text_length": 18731
  },
  {
    "file": "VisionIAS Daily Current Affairs 22 October 2024.pdf",
    "status": "success",
    "chunks": 9,
    "text_length": 16439
  },
  {
    "file": "VisionIAS Daily Current Affairs 7 February 2025.pdf",
    "status": "success",
    "chunks": 8,
    "text_length": 15409
  },
  {
    "file": "VisionIAS Daily Current Affairs 30 April 2024.pdf",
    "status": "success",
    "chunks": 9,
    "text_length": 17083
  },
  {
    "file": "VisionIAS Daily Current Affairs 10 January 2025.pdf",
    "status": "success",
    "chunks": 9,
    "text_length": 16104
  },
  {
    "file": "VisionIAS Daily Current Affairs 10 September 2024.pdf",
    "status": "success",
    "chunks": 10,
    "text_length": 17570
  },
  {
    "file": "VisionIAS Daily Current Affairs 11 December 2024.pdf",
    "status": "success",
    "chunks": 9,
    "text_length": 17779
  },
  {
    "file": "VisionIAS Daily Current Affairs 03 May 2024.pdf",
    "status": "success",
    "chunks": 8,
    "text_length": 15789
  },
  {
    "file": "VisionIAS Daily Current Affairs 14 November 2024.pdf",
    "status": "success",
    "chunks": 9,
    "text_length": 17109
  },
  {
    "file": "VisionIAS Daily Current Affairs 24, 25, 26 & 27 March 2024.pdf",
    "status": "success",
    "chunks": 8,
    "text_length": 14805
  },
  {
    "file": "VisionIAS Daily Current Affairs 29 January 2025.pdf",
    "status": "success",
    "chunks": 9,
    "text_length": 16466
  },
  {
    "file": "VisionIAS Daily Current Affairs 13 June 2024.pdf",
    "status": "success",
    "chunks": 9,
    "text_length": 16686
  },
  {
    "file": "VisionIAS Daily Current Affairs 04 September 2024.pdf",
    "status": "success",
    "chunks": 9,
    "text_length": 16924
  },
  {
    "file": "VisionIAS Daily Current Affairs 31 July 2024.pdf",
    "status": "success",
    "chunks": 9,
    "text_length": 16458
  },
  {
    "file": "VisionIAS Daily Current Affairs 11 April 2024.pdf",
    "status": "success",
    "chunks": 8,
    "text_length": 14773
  },
  {
    "file": "VisionIAS Daily Current Affairs 09 May 2024.pdf",
    "status": "success",
    "chunks": 8,
    "text_length": 16490
  },
  {
    "file": "VisionIAS Daily Current Affairs 08 May 2024.pdf",
    "status": "success",
    "chunks": 10,
    "text_length": 15345
  },
  {
    "file": "VisionIAS Daily Current Affairs 31 March & 01 April 2024.pdf",
    "status": "success",
    "chunks": 7,
    "text_length": 12685
  },
  {
    "file": "VisionIAS Daily Current Affairs 28 June 2024.pdf",
    "status": "success",
    "chunks": 8,
    "text_length": 16201
  },
  {
    "file": "VisionIAS Daily Current Affairs 04 July 2024.pdf",
    "status": "success",
    "chunks": 8,
    "text_length": 14610
  }
]